INSERT INTO ROLE (ID_ROLE, NAME) VALUES ('1', 'ROLE_ADMIN_SYSTEM');
INSERT INTO ROLE (ID_ROLE, NAME) VALUES ('2', 'ROLE_ADMIN_CLINIC');
INSERT INTO ROLE (ID_ROLE, NAME) VALUES ('3', 'ROLE_DOCTOR');
INSERT INTO ROLE (ID_ROLE, NAME) VALUES ('4', 'ROLE_NURSE');
INSERT INTO ROLE (ID_ROLE, NAME) VALUES ('5', 'ROLE_USER');

INSERT INTO ROOMTYPE (ID_ROOM_TYPE, NAME) VALUES ('1', 'EXAMINATION');
INSERT INTO ROOMTYPE (ID_ROOM_TYPE, NAME) VALUES ('2', 'OPERATION');

INSERT INTO COUNTRY (ID_COUNTRY, NAME) VALUES ('1', 'Serbia');
INSERT INTO COUNTRY (ID_COUNTRY, NAME) VALUES ('2', 'Russia');
INSERT INTO COUNTRY (ID_COUNTRY, NAME) VALUES ('3', 'France');
INSERT INTO COUNTRY (ID_COUNTRY, NAME) VALUES ('4', 'Germany');

INSERT INTO CITY (ID_CITY, NAME, ID_COUNTRY) VALUES (1, 'Novi Sad', '1');
INSERT INTO CITY (ID_CITY, NAME, ID_COUNTRY) VALUES ('2', 'Belgrade', '1');
INSERT INTO CITY (ID_CITY, NAME, ID_COUNTRY) VALUES ('3', 'Nis', '1');
INSERT INTO CITY (ID_CITY, NAME, ID_COUNTRY) VALUES ('4', 'Moscow', '2');
INSERT INTO CITY (ID_CITY, NAME, ID_COUNTRY) VALUES ('5', 'Saint Petersburg', '2');
INSERT INTO CITY (ID_CITY, NAME, ID_COUNTRY) VALUES ('6', 'Novosibirsk', '2');
INSERT INTO CITY (ID_CITY, NAME, ID_COUNTRY) VALUES ('7', 'Nizhny Novgorod', '2');
INSERT INTO CITY (ID_CITY, NAME, ID_COUNTRY) VALUES ('8', 'Kazan', '2');
INSERT INTO CITY (ID_CITY, NAME, ID_COUNTRY) VALUES ('17', 'Paris', '3');
INSERT INTO CITY (ID_CITY, NAME, ID_COUNTRY) VALUES ('18', 'Marseille', '3');
INSERT INTO CITY (ID_CITY, NAME, ID_COUNTRY) VALUES ('19', 'Lyon', '3');
INSERT INTO CITY (ID_CITY, NAME, ID_COUNTRY) VALUES ('20', 'Toulouse', '3');
INSERT INTO CITY (ID_CITY, NAME, ID_COUNTRY) VALUES ('21', 'Nice', '3');
INSERT INTO CITY (ID_CITY, NAME, ID_COUNTRY) VALUES ('9', 'Berlin', '4');
INSERT INTO CITY (ID_CITY, NAME, ID_COUNTRY) VALUES ('10', 'Hamburg', '4');
INSERT INTO CITY (ID_CITY, NAME, ID_COUNTRY) VALUES ('11', 'Munich', '4');
INSERT INTO CITY (ID_CITY, NAME, ID_COUNTRY) VALUES ('12', 'Stuttgart', '4');

INSERT INTO DIAGNOSIS (ID_DIAGNOSIS, NAME, DELETED) VALUES ('1', 'Sore Throat', '0');
INSERT INTO DIAGNOSIS (ID_DIAGNOSIS, NAME, DELETED) VALUES ('2', 'Pneumonia', '0');
INSERT INTO DIAGNOSIS (ID_DIAGNOSIS, NAME, DELETED) VALUES ('3', 'Appendicitis', '0');
INSERT INTO DIAGNOSIS (ID_DIAGNOSIS, NAME, DELETED) VALUES ('4', 'Sinusitis', '0');
INSERT INTO DIAGNOSIS (ID_DIAGNOSIS, NAME, DELETED) VALUES ('5', 'Urinary tract inflammation', '0');

INSERT INTO MEDICINE (ID_MEDICINE, NAME, DELETED) VALUES ('1', 'Paracetamol', '0');
INSERT INTO MEDICINE (ID_MEDICINE, NAME, DELETED) VALUES ('2', 'Andol', '0');
INSERT INTO MEDICINE (ID_MEDICINE, NAME, DELETED) VALUES ('3', 'Penicilin', '0');
INSERT INTO MEDICINE (ID_MEDICINE, NAME, DELETED) VALUES ('4', 'Brufen', '0');
INSERT INTO MEDICINE (ID_MEDICINE, NAME, DELETED) VALUES ('5', 'Cough syrup', '0');
INSERT INTO MEDICINE (ID_MEDICINE, NAME, DELETED) VALUES ('6', 'Loperamid', '0');

INSERT INTO TYPEOFEXAMINATION (ID_TYPE_OF_EXAMINATION, ID_TYPE, DURATION, NAME, DELETED) VALUES ('1', '1', '00:19:00', 'Throat ', '0');
INSERT INTO TYPEOFEXAMINATION (ID_TYPE_OF_EXAMINATION, ID_TYPE, DURATION, NAME, DELETED) VALUES ('2', '1', '00:29:00', 'ECG', '0');
INSERT INTO TYPEOFEXAMINATION (ID_TYPE_OF_EXAMINATION, ID_TYPE, DURATION, NAME, DELETED) VALUES ('3', '1', '00:39:00', 'Lung', '0');
INSERT INTO TYPEOFEXAMINATION (ID_TYPE_OF_EXAMINATION, ID_TYPE, DURATION, NAME, DELETED) VALUES ('4', '2', '01:29:00', 'Appendicitis', '0');
INSERT INTO TYPEOFEXAMINATION (ID_TYPE_OF_EXAMINATION, ID_TYPE, DURATION, NAME, DELETED) VALUES ('5', '1', '00:44:00', 'Urinary tract', '0');
INSERT INTO TYPEOFEXAMINATION (ID_TYPE_OF_EXAMINATION, ID_TYPE, DURATION, NAME, DELETED) VALUES ('6', '1', '00:19:00', 'Sinuses', '0');

INSERT INTO CLINIC (ID_CLINIC, ID_CITY, NAME, STREET, WORKTIME_START, WORKTIME_END, DESCRIPTION, DELETED) VALUES ('1', '1', 'Clinic 1', 'Jovana Subotica 4', '08:00:00', '22:00:00', 'Description for clinic 1.', '0');
INSERT INTO CLINIC (ID_CLINIC, ID_CITY, NAME, STREET, WORKTIME_START, WORKTIME_END, DESCRIPTION, DELETED) VALUES ('2', '1', 'Clinic 2', 'Street 2', '08:00:00', '16:00:00', 'Description for clinic 2.', '0');
INSERT INTO CLINIC (ID_CLINIC, ID_CITY, NAME, STREET, WORKTIME_START, WORKTIME_END, DESCRIPTION, DELETED) VALUES ('3', '1', 'Clinic 3', 'Street 3', '00:00:00', '23:59:59', 'Description for clinic 3.', '0');

INSERT INTO MEDICAL_RECORD (ID_MEDICAL_RECORD, BLOOD_TYPE_RH, HEIGHT, WEIGHT, RACE, DELETED) VALUES ('1', 'A+', '1.92', '88', 'White', '0');
INSERT INTO MEDICAL_RECORD (ID_MEDICAL_RECORD, BLOOD_TYPE_RH, HEIGHT, WEIGHT, RACE, DELETED) VALUES ('2', 'B-', '1.70', '59', 'Black', '0');

INSERT INTO USER (ID_USER, ID_ROLE, ID_CITY, NAME, LASTNAME, EMAIL, PASSWORD, PASSWORD_CHANGED, STREET, VERIFIED, DELETED, USERNAME, DATE_OF_BIRTH, ADMIN_APPROVED, GENDER) VALUES ('1', '1', '1', 'Admin', 'System', 'admin.system@gmail.com', '$2y$10$Iby2A77lYKHojOqitgL/V.zMy5XIRv6gcr0gGkXzgwgnr3m5FX6U.', '1', 'Jovana Subotica 4', '1', '0', 'adminsystem', '1989-07-07', '1', '0');
INSERT INTO USER (ID_USER, ID_ROLE, ID_CLINIC, ID_CITY, NAME, LASTNAME, EMAIL, PASSWORD, PASSWORD_CHANGED, STREET, VERIFIED, DELETED, USERNAME, DATE_OF_BIRTH, ADMIN_APPROVED, PHONE, GENDER) VALUES ('2', '2', '1', '1', 'Admin', 'Clinic', 'admin.clinic@gmail.com', '$2y$10$RSjrXGwf6WVJbaMUS8X22ORLdRuZdQam6Y4itM1r4SYz/jHg2Ogea', '1', 'Laze Kostica 3', '1', '0', 'adminClinic', '1990-02-15', '1', '+381 64 123 45 67', '0');
INSERT INTO USER (ID_USER, ID_ROLE, ID_CLINIC, ID_CITY, NAME, LASTNAME, EMAIL, PASSWORD, PASSWORD_CHANGED, STREET, VERIFIED, DELETED, USERNAME, DATE_OF_BIRTH, ADMIN_APPROVED, PHONE, GENDER) VALUES ('3', '3', '1', '1', 'Doctor', 'One', 'doctor.one.isa@gmail.com', '$2y$10$6g/W78HZvs9IJyk3O.5dVuRkhGlQX3MBOYT5vmNMJ3PBGTfmk986S', '1', 'Doctor One Street', '1', '0', 'doctorOne', '1992-02-27', '1', ' +381 62 154 78 45', '0');
INSERT INTO USER (ID_USER, ID_ROLE, ID_CLINIC, ID_CITY, NAME, LASTNAME, EMAIL, PASSWORD, PASSWORD_CHANGED, STREET, VERIFIED, DELETED, USERNAME, DATE_OF_BIRTH, ADMIN_APPROVED, PHONE, GENDER) VALUES ('4', '4', '1', '1', 'Nurse', 'One', 'nurse.one.isa@gmail.com', '$2y$10$h6IUa7g4NGnEg36xOTvaTenUfI5WwkjMxv3Xr/3/nQPXrjzS34Wma', '1', 'Nurse One Street', '1', '0', 'nurseOne', '1995-10-07', '1', '+381 66 457 82 13', '1');
INSERT INTO USER (ID_USER, ID_ROLE, ID_CLINIC, ID_CITY, NAME, LASTNAME, EMAIL, PASSWORD, PASSWORD_CHANGED, STREET, VERIFIED, DELETED, USERNAME, DATE_OF_BIRTH, ADMIN_APPROVED, PHONE, GENDER, ID_MEDICAL_RECORD) VALUES ('5', '5', '1', '1', 'Patient', 'One', 'patient.one.isa@gmail.com', '$2y$10$NwycpG5nIlATeUatOYax5.fW2Vo3r9mczIO/Sp2sETL8E/EH5vS5q', '1', 'Patient One Street', '1', '0', 'patientOne', '1996-10-02', '1', '+381 69 215 72 660', '0', '1');
INSERT INTO USER (ID_USER, ID_ROLE, ID_CLINIC, ID_CITY, NAME, LASTNAME, EMAIL, PASSWORD, PASSWORD_CHANGED, STREET, VERIFIED, DELETED, USERNAME, DATE_OF_BIRTH, ADMIN_APPROVED, PHONE, GENDER, ID_MEDICAL_RECORD) VALUES ('6', '5', '1', '1', 'Patient', 'Two', 'sasailickapiten22@gmail.com', '$2y$10$YX7YHz8YwqCwuJzgDA41dOMmvClGw8FhyVlpwt/.Hq3uubGiEqVFe', '1', 'Patient Two Street', '1', '0', 'patientTwo', '1971-12-07', '1', '+381 63 457 71 13', '1', '2');

INSERT INTO DOCTORSPECIALIZATION (ID_TYPE_OF_EXAMINATION, ID_USER) VALUES ('1', '3');
INSERT INTO DOCTORSPECIALIZATION(ID_TYPE_OF_EXAMINATION, ID_USER) VALUES ('2', '3');
INSERT INTO DOCTORSPECIALIZATION (ID_TYPE_OF_EXAMINATION, ID_USER) VALUES ('3', '3');
INSERT INTO DOCTORSPECIALIZATION (ID_TYPE_OF_EXAMINATION, ID_USER) VALUES ('4', '3');

INSERT INTO ROOM (ID_ROOM, ID_CLINIC, ID_ROOM_TYPE, NUMBER, FLOOR, DELETED) VALUES ('1', '1', '1', 'A-1', '1', '0');
INSERT INTO ROOM (ID_ROOM, ID_CLINIC, ID_ROOM_TYPE, NUMBER, FLOOR, DELETED) VALUES ('2', '1', '1', 'A-2', '1', '0');
INSERT INTO ROOM (ID_ROOM, ID_CLINIC, ID_ROOM_TYPE, NUMBER, FLOOR, DELETED) VALUES ('3', '1', '1', 'A-3', '1', '0');
INSERT INTO ROOM (ID_ROOM, ID_CLINIC, ID_ROOM_TYPE, NUMBER, FLOOR, DELETED) VALUES ('4', '1', '1', 'A-4', '1', '0');
INSERT INTO ROOM (ID_ROOM, ID_CLINIC, ID_ROOM_TYPE, NUMBER, FLOOR, DELETED) VALUES ('5', '1', '1', 'A-5', '1', '0');
INSERT INTO ROOM (ID_ROOM, ID_CLINIC, ID_ROOM_TYPE, NUMBER, FLOOR, DELETED) VALUES ('6', '1', '1', 'B-1', '2', '0');
INSERT INTO ROOM (ID_ROOM, ID_CLINIC, ID_ROOM_TYPE, NUMBER, FLOOR, DELETED) VALUES ('7', '1', '1', 'B-2', '2', '0');
INSERT INTO ROOM (ID_ROOM, ID_CLINIC, ID_ROOM_TYPE, NUMBER, FLOOR, DELETED) VALUES ('8', '1', '1', 'B-3', '2', '0');
INSERT INTO ROOM (ID_ROOM, ID_CLINIC, ID_ROOM_TYPE, NUMBER, FLOOR, DELETED) VALUES ('9', '1', '2', 'C-1', '3', '0');
INSERT INTO ROOM (ID_ROOM, ID_CLINIC, ID_ROOM_TYPE, NUMBER, FLOOR, DELETED) VALUES ('10', '1', '2', 'C-2', '3', '0');
INSERT INTO ROOM (ID_ROOM, ID_CLINIC, ID_ROOM_TYPE, NUMBER, FLOOR, DELETED) VALUES ('11', '1', '2', 'C-3', '3', '0');
INSERT INTO ROOM (ID_ROOM, ID_CLINIC, ID_ROOM_TYPE, NUMBER, FLOOR, DELETED) VALUES ('12', '1', '2', 'C-4', '3', '0');
INSERT INTO ROOM (ID_ROOM, ID_CLINIC, ID_ROOM_TYPE, NUMBER, FLOOR, DELETED) VALUES ('13', '1', '2', 'C-5', '3', '0');

INSERT INTO SCHEDULE (ID_SCHEDULE, ID_USER, START_DATE_SCHEDULE, END_DATE_SCHEDULE, SHIFT_START_TIME, SHIFT_END_TIME, DELETED) VALUES ('1', '3', '2020-02-01', '2020-02-29', '08:00', '16:00', '0');
INSERT INTO SCHEDULE (ID_SCHEDULE, ID_USER, START_DATE_SCHEDULE, END_DATE_SCHEDULE, SHIFT_START_TIME, SHIFT_END_TIME, DELETED) VALUES ('2', '3', '2020-03-01', '2020-03-31', '16:00', '22:00', '0');
INSERT INTO SCHEDULE (ID_SCHEDULE, ID_USER, START_DATE_SCHEDULE, END_DATE_SCHEDULE, SHIFT_START_TIME, SHIFT_END_TIME, DELETED) VALUES ('3', '4', '2020-02-01', '2020-02-29', '08:00', '16:00', '0');
INSERT INTO SCHEDULE (ID_SCHEDULE, ID_USER, START_DATE_SCHEDULE, END_DATE_SCHEDULE, SHIFT_START_TIME, SHIFT_END_TIME, DELETED) VALUES ('4', '4', '2020-03-01', '2020-03-31', '08:00', '16:00', '0');

INSERT INTO VACATION (ID_VACATION, ID_USER, ACCEPTED, START_DATE, END_DATE, DELETED) VALUES ('1', '3', '1', '2020-07-10', '2020-07-20', '0');
INSERT INTO VACATION (ID_VACATION, ID_USER, ACCEPTED, START_DATE, END_DATE, DESCRIPTION, DELETED) VALUES ('2', '3', '0', '2020-08-10', '2020-08-20', 'We need you during that period', '0');
INSERT INTO VACATION (ID_VACATION, ID_USER, ACCEPTED, START_DATE, END_DATE, DELETED) VALUES ('3', '4', '0', '2020-07-10', '2020-07-17', '0');

INSERT INTO PRICELIST (ID_PRICELIST, ID_CLINIC, ID_TYPE_OF_EXAMINATION, PRICE, DELETED) VALUES ('1', '1', '1', '25.00', '0');
INSERT INTO PRICELIST (ID_PRICELIST, ID_CLINIC, ID_TYPE_OF_EXAMINATION, PRICE, DELETED) VALUES ('2', '1', '2', '50.00', '0');
INSERT INTO PRICELIST (ID_PRICELIST, ID_CLINIC, ID_TYPE_OF_EXAMINATION, PRICE, DELETED) VALUES ('3', '1', '3', '35.00', '0');
INSERT INTO PRICELIST (ID_PRICELIST, ID_CLINIC, ID_TYPE_OF_EXAMINATION, PRICE, DELETED) VALUES ('4', '1', '4', '100.00', '0');

INSERT INTO EXAMINATION (ID_EXAMINATION, ID_USER, ID_ROOM, ID_ROOM_TYPE, ID_DOCTOR, ID_PRICELIST, PREDEFINED, FINISHED, DISCOUNT, ACCEPTED, GRADE_CLINIC, GRADE_DOCTOR, DELETED, CANCELED, DATE_TIME) VALUES ('1', '5', '1', '1', '3', '1', '0', '1', '0', '1', '4', '5', '0', '0', '2020-02-01 12:00:00');
INSERT INTO EXAMINATION (ID_EXAMINATION, ID_USER, ID_ROOM, ID_ROOM_TYPE, ID_DOCTOR, ID_PRICELIST, PREDEFINED, FINISHED, DISCOUNT, ACCEPTED, GRADE_CLINIC, GRADE_DOCTOR, DELETED, CANCELED, DATE_TIME) VALUES ('2', '5', '1', '1', '3', '1', '0', '1', '0', '1', '5', '5', '0', '0', '2020-02-02 11:45:00');
INSERT INTO EXAMINATION (ID_EXAMINATION, ID_USER, ID_ROOM, ID_ROOM_TYPE, ID_DOCTOR, ID_PRICELIST, PREDEFINED, FINISHED, DISCOUNT, ACCEPTED, GRADE_CLINIC, GRADE_DOCTOR, DELETED, CANCELED, DATE_TIME) VALUES ('3', '5', '1', '1', '3', '2', '1', '1', '20', '1', '3', '3', '0', '0', '2020-02-03 12:00:00');
INSERT INTO EXAMINATION (ID_EXAMINATION, ID_USER, ID_ROOM, ID_ROOM_TYPE, ID_DOCTOR, ID_PRICELIST, PREDEFINED, FINISHED, DISCOUNT, ACCEPTED, GRADE_CLINIC, GRADE_DOCTOR, DELETED, CANCELED, DATE_TIME) VALUES ('4', '5', '2', '2', '3', '4', '0', '1', '0', '1', '5', '5', '0', '0', '2020-02-12 13:00:00');
INSERT INTO EXAMINATION (ID_EXAMINATION, ID_USER, ID_ROOM, ID_ROOM_TYPE, ID_DOCTOR, ID_PRICELIST, PREDEFINED, FINISHED, DISCOUNT, ACCEPTED, GRADE_CLINIC, GRADE_DOCTOR, DELETED, CANCELED, DATE_TIME) VALUES ('5', '6', '1', '1', '3', '1', '0', '1', '0', '1', '2', '3', '0', '0', '2020-02-01 12:30:00');
INSERT INTO EXAMINATION (ID_EXAMINATION, ID_USER, ID_ROOM, ID_ROOM_TYPE, ID_DOCTOR, ID_PRICELIST, PREDEFINED, FINISHED, DISCOUNT, ACCEPTED, GRADE_CLINIC, GRADE_DOCTOR, DELETED, CANCELED, DATE_TIME) VALUES ('6', '6', '1', '1', '3', '2', '0', '1', '0', '1', '4', '5', '0', '0', '2020-02-01 13:00:00');
INSERT INTO EXAMINATION (ID_EXAMINATION, ID_USER, ID_ROOM_TYPE, ID_DOCTOR, ID_PRICELIST, PREDEFINED, FINISHED, DISCOUNT, ACCEPTED, GRADE_CLINIC, GRADE_DOCTOR, DELETED, CANCELED, DATE_TIME) VALUES ('7', '5', '1', '4', '1', '0', '1', '0', '0', '0', '0', '0', '0', '2020-03-01 12:00:00');
INSERT INTO EXAMINATION (ID_EXAMINATION, ID_USER, ID_ROOM_TYPE, ID_DOCTOR, ID_PRICELIST, PREDEFINED, FINISHED, DISCOUNT, ACCEPTED, GRADE_CLINIC, GRADE_DOCTOR, DELETED, CANCELED, DATE_TIME) VALUES ('8', '6', '1', '4', '1', '0', '1', '0', '0', '0', '0', '0', '0', '2020-03-01 14:00:00');

INSERT INTO REPORT (ID_REPORT, ID_EXAMINATION, ID_USER, MEDICINE_CERTIFIED, DELETED) VALUES ('1', '1', '5', '0', '0');
INSERT INTO REPORT (ID_REPORT, ID_EXAMINATION, ID_USER, MEDICINE_CERTIFIED, DELETED) VALUES ('2', '2', '5', '0', '0');
INSERT INTO REPORT (ID_REPORT, ID_EXAMINATION, ID_USER, MEDICINE_CERTIFIED, DELETED) VALUES ('3', '3', '5', '0', '0');
INSERT INTO REPORT (ID_REPORT, ID_EXAMINATION, ID_USER, MEDICINE_CERTIFIED, DELETED) VALUES ('4', '4', '5', '0', '0');
INSERT INTO REPORT (ID_REPORT, ID_EXAMINATION, ID_USER, MEDICINE_CERTIFIED, DELETED) VALUES ('5', '5', '6', '0', '0');
INSERT INTO REPORT (ID_REPORT, ID_EXAMINATION, ID_USER, MEDICINE_CERTIFIED, DELETED) VALUES ('6', '5', '6', '0', '0');

INSERT INTO REPORTDIAGNOSIS (ID_DIAGNOSIS, ID_REPORT) VALUES ('1', '1');
INSERT INTO REPORTDIAGNOSIS (ID_DIAGNOSIS, ID_REPORT) VALUES ('4', '1');
INSERT INTO REPORTDIAGNOSIS (ID_DIAGNOSIS, ID_REPORT) VALUES ('1', '2');
INSERT INTO REPORTDIAGNOSIS (ID_DIAGNOSIS, ID_REPORT) VALUES ('2', '3');
INSERT INTO REPORTDIAGNOSIS (ID_DIAGNOSIS, ID_REPORT) VALUES ('3', '4');
INSERT INTO REPORTDIAGNOSIS (ID_DIAGNOSIS, ID_REPORT) VALUES ('1', '5');
INSERT INTO REPORTDIAGNOSIS (ID_DIAGNOSIS, ID_REPORT) VALUES ('4', '6');

INSERT INTO REPORTMEDICINE (ID_REPORT, ID_MEDICINE) VALUES ('1', '1');
INSERT INTO REPORTMEDICINE (ID_REPORT, ID_MEDICINE) VALUES ('1', '2');
INSERT INTO REPORTMEDICINE (ID_REPORT, ID_MEDICINE) VALUES ('1', '5');
INSERT INTO REPORTMEDICINE (ID_REPORT, ID_MEDICINE) VALUES ('2', '5');
INSERT INTO REPORTMEDICINE (ID_REPORT, ID_MEDICINE) VALUES ('3', '3');
INSERT INTO REPORTMEDICINE (ID_REPORT, ID_MEDICINE) VALUES ('3', '4');
INSERT INTO REPORTMEDICINE (ID_REPORT, ID_MEDICINE) VALUES ('4', '1');
INSERT INTO REPORTMEDICINE (ID_REPORT, ID_MEDICINE) VALUES ('4', '2');
INSERT INTO REPORTMEDICINE (ID_REPORT, ID_MEDICINE) VALUES ('5', '5');
INSERT INTO REPORTMEDICINE (ID_REPORT, ID_MEDICINE) VALUES ('5', '1');
INSERT INTO REPORTMEDICINE (ID_REPORT, ID_MEDICINE) VALUES ('6', '4');



